year,total_revenue
2011,23891336.0799857
2012,32649200.839974925
2013,35923373.30996402
2014,37861913.18995703
2015,42416456.60995448
2016,14934289.989994755
