cat_id,total_revenue,mean_revenue,median_revenue,min_revenue,max_revenue,total_sales,mean_sales,median_sales,min_sales,max_sales
FOODS,108904622.04,10.43117845954412,5.94,0.01,2164.3199999999997,45089939,4.318835983528825,2.0,1,763
HOBBIES,22818405.3,9.2921188203804,5.67,0.01,1618.38,6124800,2.4941431534247434,1.0,1,294
HOUSEHOLD,55953542.68,9.895743610531023,6.56,0.02,1766.94,14480670,2.560999550077251,2.0,1,626
